# --- Insert products, tags, product-tag-mappings, stockitems, stockitem movements

# --- !Ups

insert into product (id, ean, name, description, active) values (1, '0000000000000', 'Paperclip 0', 'A paperclip', true);
insert into product (id, ean, name, description, active) values (2, '0000000000001', 'Paperclip 1', 'A paperclip', true);
insert into product (id, ean, name, description, active) values (3, '0000000000002', 'Paperclip 2', 'A paperclip', true);
insert into product (id, ean, name, description, active) values (4, '0000000000003', 'Paperclip 3', 'A paperclip', true);
insert into product (id, ean, name, description, active) values (5, '0000000000004', 'Paperclip 4', 'A paperclip', true);
insert into product (id, ean, name, description, active) values (6, '0000000000005', 'Paperclip 5', 'A paperclip', true);
insert into product (id, ean, name, description, active) values (7, '0000000000006', 'Paperclip 6', 'A paperclip', true);
insert into product (id, ean, name, description, active) values (8, '0000000000007', 'Paperclip 7', 'A paperclip', true);
insert into product (id, ean, name, description, active) values (9, '0000000000008', 'Paperclip 8', 'A paperclip', true);
insert into product (id, ean, name, description, active) values (10, '0000000000009', 'Paperclip 9', 'A paperclip', true);
insert into product (id, ean, name, description, active) values (11, '0000000000010', 'Paperclip 10', 'A paperclip', true);
insert into product (id, ean, name, description, active) values (12, '0000000000011', 'Paperclip 11', 'A paperclip', true);
insert into product (id, ean, name, description, active) values (13, '0000000000012', 'Paperclip 12', 'A paperclip', true);
insert into product (id, ean, name, description, active) values (14, '0000000000013', 'Paperclip 13', 'A paperclip', true);
insert into product (id, ean, name, description, active) values (15, '0000000000014', 'Paperclip 14', 'A paperclip', true);
insert into product (id, ean, name, description, active) values (16, '0000000000015', 'Paperclip 15', 'A paperclip', true);
insert into product (id, ean, name, description, active) values (17, '0000000000016', 'Paperclip 16', 'A paperclip', true);
insert into product (id, ean, name, description, active) values (18, '0000000000017', 'Paperclip 17', 'A paperclip', true);
insert into product (id, ean, name, description, active) values (19, '0000000000018', 'Paperclip 18', 'A paperclip', true);
insert into product (id, ean, name, description, active) values (20, '0000000000019', 'Paperclip 19', 'A paperclip', true);
insert into product (id, ean, name, description, active) values (21, '0000000000020', 'Paperclip 20', 'A paperclip', true);
insert into product (id, ean, name, description, active) values (22, '0000000000021', 'Paperclip 21', 'A paperclip', true);
insert into product (id, ean, name, description, active) values (23, '0000000000022', 'Paperclip 22', 'A paperclip', true);
insert into product (id, ean, name, description, active) values (24, '0000000000023', 'Paperclip 23', 'A paperclip', true);
insert into product (id, ean, name, description, active) values (25, '0000000000024', 'Paperclip 24', 'A paperclip', true);
insert into product (id, ean, name, description, active) values (26, '0000000000025', 'Paperclip 25', 'A paperclip', true);
insert into product (id, ean, name, description, active) values (27, '0000000000026', 'Paperclip 26', 'A paperclip', true);
insert into product (id, ean, name, description, active) values (28, '0000000000027', 'Paperclip 27', 'A paperclip', true);
insert into product (id, ean, name, description, active) values (29, '0000000000028', 'Paperclip 28', 'A paperclip', true);
insert into product (id, ean, name, description, active) values (30, '0000000000029', 'Paperclip 29', 'A paperclip', true);
insert into product (id, ean, name, description, active) values (31, '0000000000030', 'Paperclip 30', 'A paperclip', true);
insert into product (id, ean, name, description, active) values (32, '0000000000031', 'Paperclip 31', 'A paperclip', true);
insert into product (id, ean, name, description, active) values (33, '0000000000032', 'Paperclip 32', 'A paperclip', true);
insert into product (id, ean, name, description, active) values (34, '0000000000033', 'Paperclip 33', 'A paperclip', true);
insert into product (id, ean, name, description, active) values (35, '0000000000034', 'Paperclip 34', 'A paperclip', true);
insert into product (id, ean, name, description, active) values (36, '0000000000035', 'Paperclip 35', 'A paperclip', true);
insert into product (id, ean, name, description, active) values (37, '0000000000036', 'Paperclip 36', 'A paperclip', true);
insert into product (id, ean, name, description, active) values (38, '0000000000037', 'Paperclip 37', 'A paperclip', true);
insert into product (id, ean, name, description, active) values (39, '0000000000038', 'Paperclip 38', 'A paperclip', true);
insert into product (id, ean, name, description, active) values (40, '0000000000039', 'Paperclip 39', 'A paperclip', true);
insert into product (id, ean, name, description, active) values (41, '0000000000040', 'Paperclip 40', 'A paperclip', true);
insert into product (id, ean, name, description, active) values (52, '1111111111111', 'Paperclip 1111111111111', 'A paperclip', true);
insert into product (id, ean, name, description, active) values (53, '2222222222222', 'Paperclip 2222222222222', 'A paperclip', true);
insert into product (id, ean, name, description, active) values (54, '3333333333333', 'Paperclip 3333333333333', 'A paperclip', true);
insert into product (id, ean, name, description, active) values (55, '4444444444444', 'Paperclip 4444444444444', 'A paperclip', true);
insert into product (id, ean, name, description, active) values (56, '5555555555555', 'Paperclip 5555555555555', 'A paperclip', true);
insert into product (id, ean, name, description, active) values (57, '6666666666666', 'Paperclip 6666666666666', 'A paperclip', true);
insert into product (id, ean, name, description, active) values (58, '7777777777777', 'Paperclip 7777777777777', 'A paperclip', true);
insert into product (id, ean, name, description, active) values (59, '8888888888888', 'Paperclip 8888888888888', 'A paperclip', true);
insert into product (id, ean, name, description, active) values (60, '9999999999999', 'Paperclip 9999999999999', 'A paperclip', true);

-- We insert our Tags (if not already present) on startup via loading from YAML
--insert into tag (id,name) values(1, 'lightweight');
--insert into tag (id,name) values(2, 'metal');
--insert into tag (id,name) values(3, 'plastic');

--insert into product_tag(product_id, tag_id) values (1, 1);
--insert into product_tag(product_id, tag_id) values (1, 2);
--insert into product_tag(product_id, tag_id) values (1, 3);
--insert into product_tag(product_id, tag_id) values (2, 1);
--insert into product_tag(product_id, tag_id) values (2, 2);
--insert into product_tag(product_id, tag_id) values (3, 2);
--insert into product_tag(product_id, tag_id) values (3, 3);
--insert into product_tag(product_id, tag_id) values (4, 1);
--insert into product_tag(product_id, tag_id) values (4, 3);
--insert into product_tag(product_id, tag_id) values (5, 1);
--insert into product_tag(product_id, tag_id) values (6, 2);
--insert into product_tag(product_id, tag_id) values (7, 3);

insert into address(id, street, number, postal_code, city, country) values (1, 'Str.', '1', '10101', 'City', 'Country');
insert into address(id, street, number, postal_code, city, country) values (2, 'Str.', '2', '10102', 'City', 'Country');
insert into address(id, street, number, postal_code, city, country) values (3, 'Str.', '2', '10103', 'City', 'Country');

insert into warehouse(id, name, address_id, active) values (1, 'Test', 1, true);
insert into warehouse(id, name, address_id, active) values (2, 'Lorem', 2, true);
insert into warehouse(id, name, address_id, active) values (3, 'Ipsum', 3, true);

insert into stock_item(id, warehouse_id, product_id, quantity, active) values (1, 1, 1, 500, true);
insert into stock_item(id, warehouse_id, product_id, quantity, active) values (2, 2, 3, 250, true);
insert into stock_item(id, warehouse_id, product_id, quantity, active) values (3, 3, 2, 300, true);

insert into stock_item_movement(id, movement_quantity, movement_date, stock_item_id) values (1, 100, '2019-01-01', 1);
insert into stock_item_movement(id, movement_quantity, movement_date, stock_item_id) values (2, 150, '2019-01-01', 1);
insert into stock_item_movement(id, movement_quantity, movement_date, stock_item_id) values (3, 250, '2019-01-01', 1);
insert into stock_item_movement(id, movement_quantity, movement_date, stock_item_id) values (4, 250, '2019-01-01', 2);
insert into stock_item_movement(id, movement_quantity, movement_date, stock_item_id) values (5, 300, '2019-01-01', 3);

# --- !Downs

SET REFERENTIAL_INTEGRITY FALSE;

delete from product_tag;

delete from product;

delete from tag;

delete from stock_item;
delete from warehouse;
delete from address;

SET REFERENTIAL_INTEGRITY TRUE;